{
  "experiment_name": "set-top-k-to-10",
  "timestamp": "2026-03-15T21:59:42.585107+00:00",
  "config": {
    "experiment_name": "set-top-k-to-10",
    "testset_path": "artifacts/testsets/final_ragas_testset.csv",
    "output_dir": "artifacts/experiments",
    "top_k": 10,
    "similarity_threshold": null,
    "reranker": "none",
    "chat_model": "gemini-3.1-flash-lite-preview",
    "eval_model": "gpt-4o",
    "embedding_model": "qwen3-embedding:0.6b"
  },
  "overall": {
    "context_precision": 0.5406733630610767,
    "context_recall": 0.8402777777777777,
    "faithfulness": 0.8918816137566137,
    "factual_correctness": 0.633125,
    "answer_relevancy": 0.6485573500047539
  },
  "per_category": {
    "adversarial": {
      "context_precision": 0.6291666666259376,
      "context_recall": 0.8333333333333334,
      "faithfulness": 0.8666666666666667,
      "factual_correctness": 0.6533333333333333,
      "answer_relevancy": 0.7409782819708918,
      "count": 3
    },
    "adversarial_multi_hop": {
      "context_precision": 0.689583333292309,
      "context_recall": 1.0,
      "faithfulness": 0.9027777777777778,
      "factual_correctness": 0.8883333333333333,
      "answer_relevancy": 0.684637629238574,
      "count": 6
    },
    "cross_section_synthesis": {
      "context_precision": 0.3153333333198266,
      "context_recall": 0.9333333333333332,
      "faithfulness": 0.9333333333333332,
      "factual_correctness": 0.58,
      "answer_relevancy": 0.5302480965886137,
      "count": 5
    },
    "pin_mapping": {
      "context_precision": 0.5363095237819344,
      "context_recall": 0.8333333333333334,
      "faithfulness": 0.8439153439153438,
      "factual_correctness": 0.5158333333333334,
      "answer_relevancy": 0.5741007349043363,
      "count": 12
    },
    "table_multi_row_reasoning": {
      "context_precision": 0.4564384920307597,
      "context_recall": 0.75,
      "faithfulness": 0.9666666666666666,
      "factual_correctness": 0.662,
      "answer_relevancy": 0.6852677015067081,
      "count": 10
    },
    "table_single_cell_lookup": {
      "context_precision": 0.6125462962508393,
      "context_recall": 0.8055555555555557,
      "faithfulness": 0.861111111111111,
      "factual_correctness": 0.6158333333333333,
      "answer_relevancy": 0.678303614867076,
      "count": 12
    }
  },
  "failures": [
    {
      "user_input": "In the context of the ESP32 power scheme and pin definitions, what are the specific power domains and functional characteristics associated with the VDD3P3_RTC and VDD3P3_SDIO pins, and how does the internal LDO behave when VDD_SDIO is connected to the same PCB net as VDD3P3_RTC?",
      "question_category": "cross_section_synthesis",
      "factual_correctness": 0.22,
      "context_recall": 1.0
    },
    {
      "user_input": "ESP32-D0WD-V3 maximum CPU frequency specification and power consumption in modem-sleep mode for dual-core chips running at 240 MHz",
      "question_category": "table_multi_row_reasoning",
      "factual_correctness": 0.33,
      "context_recall": 0.5
    },
    {
      "user_input": "What is the minimum recommended power supply voltage for ESP32 chips, and why are there two different values listed?",
      "question_category": "table_multi_row_reasoning",
      "factual_correctness": 0.44,
      "context_recall": 0.0
    },
    {
      "user_input": "what pin number GPIO18 is?",
      "question_category": "pin_mapping",
      "factual_correctness": 0.0,
      "context_recall": 0.0
    },
    {
      "user_input": "The MTDI pin on the ESP32 is a strapping pin. What voltage does it control, and what ADC and touch sensor functions does it also serve?",
      "question_category": "cross_section_synthesis",
      "factual_correctness": 0.25,
      "context_recall": 0.6666666666666666
    },
    {
      "user_input": "Hey, I am runing some validation checks on the electrical limits and I need to verify the pinout specs, specifically regarding the GND conection, so culd you please identify the pin number asigned to the center pad for the ESP32 chip in the QFN 5*5 pakage?",
      "question_category": "pin_mapping",
      "factual_correctness": 0.0,
      "context_recall": 1.0
    },
    {
      "user_input": "Table 2-1 Pin Overview notes function names for MTMS MTDI MTCK MTDO JTAG interface signals description",
      "question_category": "pin_mapping",
      "factual_correctness": 0.0,
      "context_recall": 1.0
    },
    {
      "user_input": "What are the ESD protection ratings (HBM and CDM) for the ESP32?",
      "question_category": "table_single_cell_lookup",
      "factual_correctness": 0.0,
      "context_recall": 0.0
    },
    {
      "user_input": "What is the Wi-Fi receiver sensitivity for 802.11b at 1 Mbps and for 802.11n HT20 MCS7 on the ESP32?",
      "question_category": "table_multi_row_reasoning",
      "factual_correctness": 0.0,
      "context_recall": 0.0
    },
    {
      "user_input": "Compare the maximum ADC sampling rates for the DIG and RTC controllers, and identify the required test conditions for these specifications.",
      "question_category": "adversarial",
      "factual_correctness": 0.4,
      "context_recall": 0.5
    },
    {
      "user_input": "SENSOR_CAPN pin number type and function list",
      "question_category": "pin_mapping",
      "factual_correctness": 0.4,
      "context_recall": 1.0
    },
    {
      "user_input": "What are the absolute maximum voltage and storage temperature ratings for the ESP32 according to the datasheet?",
      "question_category": "table_single_cell_lookup",
      "factual_correctness": 0.0,
      "context_recall": 0.3333333333333333
    },
    {
      "user_input": "In the ESP32 GPIO_Matrix, what is signal number 63 and does it have a corresponding IO_MUX core input?",
      "question_category": "pin_mapping",
      "factual_correctness": 0.0,
      "context_recall": 0.0
    },
    {
      "user_input": "Can you detail the technical specifications regarding Bluetooth LE compliance, sensitivity, and controller capabilities listed in the features?",
      "question_category": "table_multi_row_reasoning",
      "factual_correctness": 0.32,
      "context_recall": 1.0
    }
  ]
}