{
  "experiment_name": "hybrid-search-with-reranking",
  "timestamp": "2026-03-17T16:21:05.375825+00:00",
  "config": {
    "experiment_name": "hybrid-search-with-reranking",
    "testset_path": "artifacts/testsets/final_ragas_testset.csv",
    "output_dir": "artifacts/experiments",
    "top_k": 10,
    "similarity_threshold": null,
    "reranker": "ms-marco-TinyBERT-L-2-v2",
    "chat_model": "gemini-3.1-flash-lite-preview",
    "eval_model": "gpt-4o",
    "embedding_model": "qwen3-embedding:0.6b",
    "perform_hybrid_retrieval": true,
    "candidate_k": 100
  },
  "overall": {
    "context_precision": 0.5842041445816354,
    "context_recall": 0.861111111111111,
    "faithfulness": 0.9315055315055315,
    "factual_correctness": 0.6960416666666666,
    "answer_relevancy": 0.6424326135756161
  },
  "per_category": {
    "adversarial": {
      "context_precision": 0.6805555555078704,
      "context_recall": 0.8888888888888888,
      "faithfulness": 1.0,
      "factual_correctness": 0.85,
      "answer_relevancy": 0.5168386910684598,
      "count": 3
    },
    "adversarial_multi_hop": {
      "context_precision": 0.8321428570873254,
      "context_recall": 1.0,
      "faithfulness": 0.9166666666666666,
      "factual_correctness": 0.7949999999999999,
      "answer_relevancy": 0.8098871980128836,
      "count": 6
    },
    "cross_section_synthesis": {
      "context_precision": 0.44999999998250007,
      "context_recall": 0.7333333333333333,
      "faithfulness": 0.8818181818181818,
      "factual_correctness": 0.622,
      "answer_relevancy": 0.5668626324385369,
      "count": 5
    },
    "pin_mapping": {
      "context_precision": 0.5622685184794051,
      "context_recall": 0.875,
      "faithfulness": 0.938888888888889,
      "factual_correctness": 0.6391666666666667,
      "answer_relevancy": 0.5756344406250805,
      "count": 12
    },
    "table_multi_row_reasoning": {
      "context_precision": 0.6389814814361559,
      "context_recall": 0.8666666666666666,
      "faithfulness": 0.8988888888888887,
      "factual_correctness": 0.755,
      "answer_relevancy": 0.7661189586623369,
      "count": 10
    },
    "table_single_cell_lookup": {
      "context_precision": 0.4683531745703348,
      "context_recall": 0.8194444444444445,
      "faithfulness": 0.9623015873015873,
      "factual_correctness": 0.6466666666666666,
      "answer_relevancy": 0.5913694441400895,
      "count": 12
    }
  },
  "failures": [
    {
      "user_input": "Can you detail the technical specifications regarding Bluetooth LE compliance, sensitivity, and controller capabilities listed in the features?",
      "question_category": "table_multi_row_reasoning",
      "factual_correctness": 0.47,
      "context_recall": 1.0
    },
    {
      "user_input": "What are the ESD protection ratings (HBM and CDM) for the ESP32?",
      "question_category": "table_single_cell_lookup",
      "factual_correctness": 0.4,
      "context_recall": 0.5
    },
    {
      "user_input": "What is the minimum recommended power supply voltage for ESP32 chips, and why are there two different values listed?",
      "question_category": "table_multi_row_reasoning",
      "factual_correctness": 0.44,
      "context_recall": 0.6666666666666666
    },
    {
      "user_input": "The MTDI pin on the ESP32 is a strapping pin. What voltage does it control, and what ADC and touch sensor functions does it also serve?",
      "question_category": "cross_section_synthesis",
      "factual_correctness": 0.44,
      "context_recall": 0.6666666666666666
    },
    {
      "user_input": "Which pins are ADC2_CH5 and ADC1_CH4 connected to on the ESP32, and what other peripheral functions share those pins?",
      "question_category": "pin_mapping",
      "factual_correctness": 0.0,
      "context_recall": 0.5
    },
    {
      "user_input": "ESP32-D0WD-V3 maximum CPU frequency specification and power consumption in modem-sleep mode for dual-core chips running at 240 MHz",
      "question_category": "table_multi_row_reasoning",
      "factual_correctness": 0.33,
      "context_recall": 0.5
    },
    {
      "user_input": "In the context of the ESP32's boot configuration settings, could you please identify which specific parameter is determined by the strapping pin GPIO5, and furthermore, describe its default internal resistance configuration and corresponding bit value as listed in the default configuration table?",
      "question_category": "pin_mapping",
      "factual_correctness": 0.4,
      "context_recall": 1.0
    },
    {
      "user_input": "Hey, I am runing some validation checks on the electrical limits and I need to verify the pinout specs, specifically regarding the GND conection, so culd you please identify the pin number asigned to the center pad for the ESP32 chip in the QFN 5*5 pakage?",
      "question_category": "pin_mapping",
      "factual_correctness": 0.0,
      "context_recall": 1.0
    },
    {
      "user_input": "Which ESP32 GPIO pins support both ADC and capacitive touch sensing simultaneously?",
      "question_category": "cross_section_synthesis",
      "factual_correctness": 0.0,
      "context_recall": 0.0
    },
    {
      "user_input": "As part of the hardware validation process for the new board design, could you please identify the core type, package dimensions, and permissible VDD_SDIO voltage settings specifically for the ESP32-D0WD-V3 as detailed in the comparison data?",
      "question_category": "table_single_cell_lookup",
      "factual_correctness": 0.0,
      "context_recall": 0.3333333333333333
    },
    {
      "user_input": "In the ESP32 GPIO_Matrix, what is signal number 63 and does it have a corresponding IO_MUX core input?",
      "question_category": "pin_mapping",
      "factual_correctness": 0.0,
      "context_recall": 0.0
    },
    {
      "user_input": "What is the BLE receiver sensitivity and co-channel C/I for the ESP32?",
      "question_category": "table_single_cell_lookup",
      "factual_correctness": 0.29,
      "context_recall": 0.0
    }
  ]
}