{
  "experiment_name": "markdown-tables-insteadof-html",
  "timestamp": "2026-03-09T23:28:29.308427+00:00",
  "config": {
    "experiment_name": "markdown-tables-insteadof-html",
    "testset_path": "artifacts/testsets/final_ragas_testset.csv",
    "output_dir": "artifacts/experiments",
    "top_k": 5,
    "similarity_threshold": null,
    "reranker": "none",
    "chat_model": "gemini-3.1-flash-lite-preview",
    "eval_model": "gpt-4o-mini",
    "embedding_model": "qwen3-embedding:0.6b"
  },
  "overall": {
    "context_precision": 0.796990740713707,
    "context_recall": 0.9201388888888888,
    "faithfulness": 0.8502645502645502,
    "factual_correctness": 0.66,
    "answer_relevancy": 0.6381431318871201
  },
  "per_category": {
    "adversarial": {
      "context_precision": 0.7888888888624074,
      "context_recall": 1.0,
      "faithfulness": 0.9166666666666666,
      "factual_correctness": 0.8133333333333334,
      "answer_relevancy": 0.7961029178131579,
      "count": 3
    },
    "adversarial_multi_hop": {
      "context_precision": 0.8249999999621528,
      "context_recall": 0.888888888888889,
      "faithfulness": 0.75,
      "factual_correctness": 0.5216666666666666,
      "answer_relevancy": 0.565392145396109,
      "count": 6
    },
    "cross_section_synthesis": {
      "context_precision": 0.7802777777558448,
      "context_recall": 1.0,
      "faithfulness": 0.9800000000000001,
      "factual_correctness": 0.732,
      "answer_relevancy": 0.6028733747954653,
      "count": 5
    },
    "pin_mapping": {
      "context_precision": 0.9458333333104513,
      "context_recall": 1.0,
      "faithfulness": 0.8958333333333334,
      "factual_correctness": 0.7549999999999999,
      "answer_relevancy": 0.7325728066349632,
      "count": 12
    },
    "table_multi_row_reasoning": {
      "context_precision": 0.7070833333044618,
      "context_recall": 0.85,
      "faithfulness": 0.8162698412698413,
      "factual_correctness": 0.5640000000000001,
      "answer_relevancy": 0.5919542536101384,
      "count": 10
    },
    "table_single_cell_lookup": {
      "context_precision": 0.7180555555290452,
      "context_recall": 0.8611111111111112,
      "faithfulness": 0.8125,
      "factual_correctness": 0.6458333333333334,
      "answer_relevancy": 0.593785467922281,
      "count": 12
    }
  },
  "failures": [
    {
      "user_input": "What are the ESD protection ratings (HBM and CDM) for the ESP32?",
      "question_category": "table_single_cell_lookup",
      "factual_correctness": 0.25,
      "context_recall": 0.3333333333333333
    },
    {
      "user_input": "What specific voltage and result conditions lead to a degradation in ADC accuracy when using an attenuation of 3?",
      "question_category": "adversarial_multi_hop",
      "factual_correctness": 0.4,
      "context_recall": 1.0
    },
    {
      "user_input": "Hey, I am runing some validation checks on the electrical limits and I need to verify the pinout specs, specifically regarding the GND conection, so culd you please identify the pin number asigned to the center pad for the ESP32 chip in the QFN 5*5 pakage?",
      "question_category": "pin_mapping",
      "factual_correctness": 0.4,
      "context_recall": 1.0
    },
    {
      "user_input": "What are the absolute maximum voltage and storage temperature ratings for the ESP32 according to the datasheet?",
      "question_category": "table_single_cell_lookup",
      "factual_correctness": 0.0,
      "context_recall": 0.0
    },
    {
      "user_input": "Compare the maximum ADC sampling rates for the DIG and RTC controllers, and identify the required test conditions for these specifications.",
      "question_category": "adversarial",
      "factual_correctness": 0.44,
      "context_recall": 1.0
    },
    {
      "user_input": "Explain how to force a 1.8 V VDD_SDIO voltage using eFuses, even if the MTDI strapping pin is pulled low at reset.",
      "question_category": "adversarial_multi_hop",
      "factual_correctness": 0.4,
      "context_recall": 1.0
    },
    {
      "user_input": "What is the Wi-Fi receiver sensitivity for 802.11b at 1 Mbps and for 802.11n HT20 MCS7 on the ESP32?",
      "question_category": "table_multi_row_reasoning",
      "factual_correctness": 0.0,
      "context_recall": 0.0
    },
    {
      "user_input": "If VDD_SDIO is connected to the same PCB net as VDD3P3_RTC, how is the internal LDO affected and what is the status of the internal 6 $\\Omega$ resistor?",
      "question_category": "adversarial_multi_hop",
      "factual_correctness": 0.33,
      "context_recall": 0.3333333333333333
    },
    {
      "user_input": "what voltage ESP32-D0WDRH2-V3 need and how connect VDD_SDIO?",
      "question_category": "table_multi_row_reasoning",
      "factual_correctness": 0.0,
      "context_recall": 0.5
    },
    {
      "user_input": "Which ESP32 models are restricted to an 85 \u00b0C operating temperature, and what is the technical reason for this limitation compared to other models?",
      "question_category": "adversarial_multi_hop",
      "factual_correctness": 0.0,
      "context_recall": 1.0
    },
    {
      "user_input": "The MTDI pin on the ESP32 is a strapping pin. What voltage does it control, and what ADC and touch sensor functions does it also serve?",
      "question_category": "cross_section_synthesis",
      "factual_correctness": 0.36,
      "context_recall": 1.0
    },
    {
      "user_input": "In the ESP32 GPIO_Matrix, what is signal number 63 and does it have a corresponding IO_MUX core input?",
      "question_category": "pin_mapping",
      "factual_correctness": 0.44,
      "context_recall": 1.0
    },
    {
      "user_input": "Table 2-1 Pin Overview notes function names for MTMS MTDI MTCK MTDO JTAG interface signals description",
      "question_category": "pin_mapping",
      "factual_correctness": 0.0,
      "context_recall": 1.0
    },
    {
      "user_input": "what chips is listed inside the ESP32 Series datasheet 5.2 and which ones is NRND?",
      "question_category": "table_multi_row_reasoning",
      "factual_correctness": 0.0,
      "context_recall": 1.0
    }
  ]
}