{
  "experiment_name": "key-column-metadata-injection",
  "timestamp": "2026-03-13T14:54:42.879289+00:00",
  "config": {
    "experiment_name": "key-column-metadata-injection",
    "testset_path": "artifacts/testsets/final_ragas_testset.csv",
    "output_dir": "artifacts/experiments",
    "top_k": 20,
    "similarity_threshold": null,
    "reranker": "none",
    "chat_model": "gemini-3.1-flash-lite-preview",
    "eval_model": "gpt-4o",
    "embedding_model": "qwen3-embedding:0.6b"
  },
  "overall": {
    "context_precision": 0.5285446853625779,
    "context_recall": 0.8993055555555555,
    "faithfulness": 0.8743074633699633,
    "factual_correctness": 0.6945833333333334,
    "answer_relevancy": 0.6969428804739041
  },
  "per_category": {
    "adversarial": {
      "context_precision": 0.6691919191453705,
      "context_recall": 0.8333333333333334,
      "faithfulness": 1.0,
      "factual_correctness": 0.8866666666666667,
      "answer_relevancy": 0.7667111493590196,
      "count": 3
    },
    "adversarial_multi_hop": {
      "context_precision": 0.6755997474353128,
      "context_recall": 1.0,
      "faithfulness": 0.9166666666666666,
      "factual_correctness": 0.7999999999999999,
      "answer_relevancy": 0.839892564224428,
      "count": 6
    },
    "cross_section_synthesis": {
      "context_precision": 0.3058816738710045,
      "context_recall": 1.0,
      "faithfulness": 0.9083333333333332,
      "factual_correctness": 0.6599999999999999,
      "answer_relevancy": 0.8148183150170661,
      "count": 5
    },
    "pin_mapping": {
      "context_precision": 0.5248262884528826,
      "context_recall": 0.9166666666666666,
      "faithfulness": 0.7951465201465201,
      "factual_correctness": 0.6041666666666666,
      "answer_relevancy": 0.654004570365165,
      "count": 12
    },
    "table_multi_row_reasoning": {
      "context_precision": 0.44185515869732217,
      "context_recall": 0.8666666666666666,
      "faithfulness": 0.9333333333333332,
      "factual_correctness": 0.7,
      "answer_relevancy": 0.6574884062459465,
      "count": 10
    },
    "table_single_cell_lookup": {
      "context_precision": 0.5885912697994097,
      "context_recall": 0.8333333333333334,
      "faithfulness": 0.8375,
      "factual_correctness": 0.6941666666666667,
      "answer_relevancy": 0.6347282456164162,
      "count": 12
    }
  },
  "failures": [
    {
      "user_input": "What is the Wi-Fi receiver sensitivity for 802.11b at 1 Mbps and for 802.11n HT20 MCS7 on the ESP32?",
      "question_category": "table_multi_row_reasoning",
      "factual_correctness": 0.44,
      "context_recall": 0.0
    },
    {
      "user_input": "Which pins are ADC2_CH5 and ADC1_CH4 connected to on the ESP32, and what other peripheral functions share those pins?",
      "question_category": "pin_mapping",
      "factual_correctness": 0.0,
      "context_recall": 1.0
    },
    {
      "user_input": "How does the ESP32 BLE receiver sensitivity compare to the Bluetooth Classic Basic Data Rate sensitivity?",
      "question_category": "cross_section_synthesis",
      "factual_correctness": 0.22,
      "context_recall": 1.0
    },
    {
      "user_input": "In the ESP32 GPIO_Matrix, what is signal number 63 and does it have a corresponding IO_MUX core input?",
      "question_category": "pin_mapping",
      "factual_correctness": 0.0,
      "context_recall": 0.0
    },
    {
      "user_input": "Can you detail the technical specifications regarding Bluetooth LE compliance, sensitivity, and controller capabilities listed in the features?",
      "question_category": "table_multi_row_reasoning",
      "factual_correctness": 0.35,
      "context_recall": 1.0
    },
    {
      "user_input": "what chips is listed inside the ESP32 Series datasheet 5.2 and which ones is NRND?",
      "question_category": "table_multi_row_reasoning",
      "factual_correctness": 0.4,
      "context_recall": 1.0
    },
    {
      "user_input": "Hey, I am runing some validation checks on the electrical limits and I need to verify the pinout specs, specifically regarding the GND conection, so culd you please identify the pin number asigned to the center pad for the ESP32 chip in the QFN 5*5 pakage?",
      "question_category": "pin_mapping",
      "factual_correctness": 0.0,
      "context_recall": 1.0
    },
    {
      "user_input": "What are the absolute maximum voltage and storage temperature ratings for the ESP32 according to the datasheet?",
      "question_category": "table_single_cell_lookup",
      "factual_correctness": 0.0,
      "context_recall": 0.0
    },
    {
      "user_input": "What are the ESD protection ratings (HBM and CDM) for the ESP32?",
      "question_category": "table_single_cell_lookup",
      "factual_correctness": 0.0,
      "context_recall": 0.0
    },
    {
      "user_input": "Table 2-1 Pin Overview notes function names for MTMS MTDI MTCK MTDO JTAG interface signals description",
      "question_category": "pin_mapping",
      "factual_correctness": 0.0,
      "context_recall": 1.0
    }
  ]
}